{
  "file-explorer:move-file": [
    {
      "modifiers": [
        "Alt"
      ],
      "key": "E"
    }
  ],
  "obsidian-tasks-plugin:edit-task": [
    {
      "modifiers": [
        "Alt"
      ],
      "key": "T"
    }
  ],
  "webviewer:search": [
    {
      "modifiers": [
        "Alt"
      ],
      "key": "W"
    }
  ],
  "editor:save-file": [],
  "obsidian-excalidraw-plugin:save": [],
  "obsidian-git:push": [
    {
      "modifiers": [
        "Mod"
      ],
      "key": "S"
    }
  ],
  "insert-template": [
    {
      "modifiers": [
        "Alt"
      ],
      "key": "T"
    }
  ],
  "app:toggle-left-sidebar": [
    {
      "modifiers": [
        "Mod",
        "Shift"
      ],
      "key": "L"
    }
  ],
  "app:toggle-right-sidebar": [
    {
      "modifiers": [
        "Mod",
        "Shift"
      ],
      "key": "R"
    }
  ],
  "simple-canvasearch:open-canvasearch-modal": [
    {
      "modifiers": [
        "Mod"
      ],
      "key": "F"
    }
  ]
}