{
  "types": {
    "aliases": "aliases",
    "cssclasses": "multitext",
    "tags": "tags",
    "created": "datetime",
    "type": "multitext",
    "date": "date",
    "생일": "date",
    "email": "text",
    "phone": "multitext",
    "생일(음력)": "date",
    "novel": "multitext",
    "project": "multitext",
    "book": "multitext",
    "TQ_explain": "checkbox",
    "TQ_extra_instructions": "text",
    "TQ_short_mode": "checkbox",
    "TQ_show_backlink": "checkbox",
    "TQ_show_cancelled_date": "checkbox",
    "TQ_show_created_date": "checkbox",
    "TQ_show_depends_on": "checkbox",
    "TQ_show_done_date": "checkbox",
    "TQ_show_due_date": "checkbox",
    "TQ_show_edit_button": "checkbox",
    "TQ_show_id": "checkbox",
    "TQ_show_on_completion": "checkbox",
    "TQ_show_postpone_button": "checkbox",
    "TQ_show_priority": "checkbox",
    "TQ_show_recurrence_rule": "checkbox",
    "TQ_show_scheduled_date": "checkbox",
    "TQ_show_start_date": "checkbox",
    "TQ_show_tags": "checkbox",
    "TQ_show_task_count": "checkbox",
    "TQ_show_tree": "checkbox",
    "TQ_show_urgency": "checkbox",
    "finished": "checkbox",
    "status": "multitext",
    "book_ISBN": "number",
    "company": "multitext",
    "department": "multitext",
    "contact_info": "multitext",
    "address": "multitext",
    "isDone": "checkbox",
    "canvas": "text",
    "fleeting-note": "text",
    "source": "multitext"
  }
}