{
  "main": {
    "id": "227a69e074367665",
    "type": "split",
    "children": [
      {
        "id": "8f2e2da8d91c16f2",
        "type": "tabs",
        "children": [
          {
            "id": "27c4de28c16faad8",
            "type": "leaf",
            "state": {
              "type": "excalidraw",
              "state": {
                "file": "Excalidraw/기획할 게임 찾기.md"
              },
              "icon": "excalidraw-icon",
              "title": "기획할 게임 찾기"
            }
          }
        ]
      }
    ],
    "direction": "vertical"
  },
  "left": {
    "id": "b9632f30426d8cc3",
    "type": "split",
    "children": [
      {
        "id": "acc46a3320d5c9cf",
        "type": "tabs",
        "children": [
          {
            "id": "f9d4dddea6735345",
            "type": "leaf",
            "state": {
              "type": "file-explorer",
              "state": {
                "sortOrder": "alphabetical",
                "autoReveal": false
              },
              "icon": "lucide-folder-closed",
              "title": "파일 탐색기"
            }
          },
          {
            "id": "ce096f5a2c866dc5",
            "type": "leaf",
            "state": {
              "type": "search",
              "state": {
                "query": "",
                "matchingCase": false,
                "explainSearch": false,
                "collapseAll": false,
                "extraContext": false,
                "sortOrder": "alphabetical"
              },
              "icon": "lucide-search",
              "title": "검색"
            }
          },
          {
            "id": "4de731f639c833d1",
            "type": "leaf",
            "state": {
              "type": "bookmarks",
              "state": {},
              "icon": "lucide-bookmark",
              "title": "북마크"
            }
          }
        ]
      }
    ],
    "direction": "horizontal",
    "width": 331.5
  },
  "right": {
    "id": "a6871066b7f20280",
    "type": "split",
    "children": [
      {
        "id": "ca3ba145d991b8eb",
        "type": "tabs",
        "children": [
          {
            "id": "acf8ff6d9b312c66",
            "type": "leaf",
            "state": {
              "type": "backlink",
              "state": {
                "file": "0. Zettelkasten/임시 노트.canvas",
                "collapseAll": false,
                "extraContext": false,
                "sortOrder": "alphabetical",
                "showSearch": false,
                "searchQuery": "",
                "backlinkCollapsed": false,
                "unlinkedCollapsed": true
              },
              "icon": "links-coming-in",
              "title": "임시 노트 의 백링크"
            }
          },
          {
            "id": "dc4bf47b35540a46",
            "type": "leaf",
            "state": {
              "type": "outgoing-link",
              "state": {
                "file": "0. Zettelkasten/임시 노트.canvas",
                "linksCollapsed": false,
                "unlinkedCollapsed": true
              },
              "icon": "links-going-out",
              "title": "임시 노트 의 나가는 링크"
            }
          },
          {
            "id": "3d39eddf55310b44",
            "type": "leaf",
            "state": {
              "type": "tag",
              "state": {
                "sortOrder": "frequency",
                "useHierarchy": true,
                "showSearch": false,
                "searchQuery": ""
              },
              "icon": "lucide-tags",
              "title": "태그"
            }
          },
          {
            "id": "4742c3170bdef64d",
            "type": "leaf",
            "state": {
              "type": "all-properties",
              "state": {
                "sortOrder": "frequency",
                "showSearch": false,
                "searchQuery": ""
              },
              "icon": "lucide-archive",
              "title": "모든 속성"
            }
          },
          {
            "id": "8e73c851e507a8a4",
            "type": "leaf",
            "state": {
              "type": "outline",
              "state": {
                "file": "0. Zettelkasten/3. 구조 노트/세계문학의이해 기말고사.canvas",
                "followCursor": false,
                "showSearch": false,
                "searchQuery": ""
              },
              "icon": "lucide-list",
              "title": "세계문학의이해 기말고사 의 개요"
            }
          },
          {
            "id": "035bf3b0e3137c07",
            "type": "leaf",
            "state": {
              "type": "git-view",
              "state": {},
              "icon": "git-pull-request",
              "title": "Source Control"
            }
          }
        ],
        "currentTab": 5
      }
    ],
    "direction": "horizontal",
    "width": 439.5,
    "collapsed": true
  },
  "left-ribbon": {
    "hiddenItems": {
      "switcher:빠른 전환기 열기": true,
      "graph:그래프 뷰 열기": false,
      "canvas:새 캔버스 만들기": false,
      "daily-notes:오늘의 일일 노트 열기": false,
      "templates:템플릿 삽입": true,
      "command-palette:명령어 팔레트 열기": true,
      "random-note:무작위 노트 열기": true,
      "audio-recorder:녹음 시작/정지": false,
      "workspaces:작업 공간 레이아웃 관리": false,
      "bases:새 베이스 생성하기": false,
      "homepage:Open homepage": false,
      "obsidian-git:Open Git source control": false,
      "obsidian-full-calendar:Open Full Calendar": false,
      "obsidian-excalidraw-plugin:New drawing": false
    }
  },
  "active": "27c4de28c16faad8",
  "lastOpenFiles": [
    "Excalidraw.zip",
    "방어구 시스템에 필요한 것들.md",
    "Excalidraw/기획할 게임 찾기.md",
    "기획할 게임 찾기.canvas",
    "Data/Assets/Pasted Image 20260119180445_808.png",
    "Data/Assets",
    "Excalidraw/Scripts/Downloaded/Slideshow.svg",
    "Excalidraw/Scripts/Downloaded/Slideshow.md",
    "Excalidraw/Scripts/Downloaded",
    "Excalidraw/Scripts",
    "Excalidraw/기획할 게임 찾기.restored.md",
    "Excalidraw/Drawing 2026-01-19 15.19.17.excalidraw.md",
    "Excalidraw/Drawing 2026-01-19 15.15.59.excalidraw.md",
    "Excalidraw",
    "0. Zettelkasten/임시 노트.canvas",
    "0. Zettelkasten/2. 문헌 노트/cSharp에서 함수 오버로딩 없이 다양한 자료형을 매개변수로 설정하는 법.md",
    "Home.md",
    "0. Zettelkasten/2. 문헌 노트/유니티 OnEnable 함수.md",
    "Data/Assets/Pasted image 20260115004121.png",
    "Data/할 일/개인 코딩 공부.md",
    "0. Zettelkasten/2. 문헌 노트/git 브랜치 터미널로 삭제하는 법.md",
    "Data/Legacy/0. 임시노트/1. Doing/git 사용법.md",
    "Data/Legacy/0. 임시노트/2. Done/명령줄 인수.md",
    "0. Zettelkasten/2. 문헌 노트/터미널로 브랜치 만들고 원격 저장소에 업로드하는 법.md",
    "0. Zettelkasten/2. 문헌 노트/브랜치 충돌 방지하는 법.md",
    "0. Zettelkasten/2. 문헌 노트/로컬에서 jekyll 문서 실행해보는 법.md",
    "Data/할 일/jekyll 관련 할 일.md",
    "Data/할 일/할 일 목록.md",
    "Data/할 일/읽고 싶은 책 목록.md",
    "Data/할 일/미래를 위한 준비.md",
    "Data/할 일/게임 개발 관련 할 일.md",
    "Data/검색용 base/할 일 모음집.base",
    "Data/할 일",
    "0. Zettelkasten/2. 문헌 노트/github 블로그 서비스 jekyll 설치하는 법.md",
    "0. Zettelkasten/2. 문헌 노트/원격저장소에만 있는 브랜치 불러오는 법.md",
    "0. Zettelkasten/2. 문헌 노트/git 초기 설정법.md",
    "0. Zettelkasten/2. 문헌 노트/터미널 git에서 한글 숫자로 보이는 문제 해결법.md",
    "Data/검색용 base/books.base",
    "Data/Assets/Pasted image 20260106234044.png",
    "Data/Assets/Pasted image 20260106233945.png",
    "Data/Assets/플레이어 이동 포탈 플로우차트(Persona).jpg",
    "Data/Assets/플레이어 이동 포탈 플로우차트.jpg",
    "Data/Assets/Pasted image 20251229000326.png",
    "0. Zettelkasten/3. 구조 노트/게임 디렉터가 문제되었던 사례들.canvas",
    "0. Zettelkasten/3. 구조 노트/세계문학의이해 13주차 감상문.canvas",
    "0. Zettelkasten/3. 구조 노트/세계문학의이해 기말고사.canvas",
    "0. Zettelkasten/3. 구조 노트/bcsd 4주차 공부.canvas",
    "0. Zettelkasten/3. 구조 노트/게임 업계에 금강선이 끼친 영향.canvas",
    "Data/Assets/Pasted image 20251204002132.png",
    "Data/Assets/Pasted image 20251203235219.png",
    "1. Projects/BCSD 게임 스터디",
    "1. Projects",
    "0. Zettelkasten",
    "Data/Legacy/0. 임시노트/Canvas/github 협업하는 법.canvas",
    "Data/Legacy/0. 임시노트/Canvas/견행학 13주차 수업 정리.canvas",
    "Data/Legacy/0. 임시노트/Canvas/25년 2학기 시스템 기획 스터디 3주차.canvas"
  ]
}